{"test/good_neurons_pct":93.33333333333333,"test/good_neurons":28,"train/total_loss":0.6310738379071499,"final/good_neurons_pct":93.33333333333333,"final/pearson_min":0.07940110930771467,"per_neuron_correlations":[0.6808649400417044,0.8323478553804318,0.09610311921081828,0.7892394266576168,0.8443954942704539,0.7693791940146668,0.08208864683128644,0.8224463663610807,0.8159120594137708,0.8487192843278334,0.8304917375168988,0.7342805037599107,0.9028098723374143,0.8026049933251937,0.8943094358308155,0.8512409974966377,0.8880500250847133,0.8303296779417021,0.8324604233182241,0.7800240172473958,0.7916083789255698,0.7806976075006637,0.8183327222784225,0.7029797312464223,0.8484182621182467,0.7724053583424448,0.8834250925577954,0.8076873249481985,0.8735012102314816,0.7618230422343041],"final/mse":0.38865137100219727,"final/pearson_max":0.9060755904308855,"final/summary_table":{"log_mode":"IMMUTABLE","size":221,"sha256":"8901de05beba91dea0403501a2e8722e83256dadd6ecab13be3640204c779409","_latest_artifact_path":"wandb-client-artifact://n5hkir0wxks8uf3ownbniyv91rtmoz76g6spghy28z96ijs4gakb7kcvz201z7cm5qri1hns96ofc1da1fz58vy6mrxuayg6emxuv7f8liuj7dfg5c5luishzsgkr3lk:latest/final/summary_table.table.json","artifact_path":"wandb-client-artifact://75jwukxoc0ikazk8i5jhw2z2i4cpuvvgw1c8btpr8vvbmwh3xtpxgb1av3rjp1bjpv217q4ziln0j6y22acfsvv3x027tv29n3dxxdngfqfi3tasnsunhrhizk2s6vsn/final/summary_table.table.json","ncols":2,"_type":"table-file","nrows":6,"path":"media/table/final/summary_table_123_8901de05beba91dea040.table.json"},"test/vq_loss":0.16289572589099408,"final/neuron_correlations_histogram":{"values":[1,1,0,0,0,0,0,0,0,0,0,0,0,0,0,0,0,0,0,0,0,0,0,0,0,0,0,0,0,0,0,0,0,0,0,0,0,0,0,0,0,0,0,0,0,0,0,0,2,0,0,1,2,1,3,2,3,2,2,2,4,1,2,1],"bins":[0.07940110930771467,0.09231789807526422,0.10523468684281376,0.1181514756103633,0.13106826437791286,0.1439850531454624,0.15690184191301193,0.16981863068056147,0.182735419448111,0.19565220821566054,0.20856899698321008,0.22148578575075967,0.2344025745183092,0.24731936328585874,0.2602361520534083,0.2731529408209578,0.28606972958850735,0.2989865183560569,0.3119033071236064,0.324820095891156,0.3377368846587055,0.3506536734262551,0.3635704621938046,0.37648725096135416,0.3894040397289037,0.40232082849645323,0.41523761726400277,0.4281544060315523,0.4410711947991019,0.45398798356665143,0.46690477233420097,0.4798215611017505,0.49273834986930004,0.5056551386368496,0.5185719274043992,0.5314887161719487,0.5444055049394982,0.5573222937070478,0.5702390824745973,0.5831558712421469,0.5960726600096964,0.608989448777246,0.6219062375447956,0.6348230263123451,0.6477398150798946,0.6606566038474442,0.6735733926149937,0.6864901813825433,0.6994069701500928,0.7123237589176423,0.7252405476851919,0.7381573364527414,0.7510741252202909,0.7639909139878405,0.77690770275539,0.7898244915229395,0.8027412802904892,0.8156580690580387,0.8285748578255883,0.8414916465931378,0.8544084353606873,0.8673252241282369,0.8802420128957864,0.8931588016633359,0.9060755904308855],"_type":"histogram"},"train/perplexity":5.490544919309945,"test/perplexity":4.947342035770416,"test/mae":0.2942606210708618,"best/epoch":95,"test/pearson_min":0.08208864683128644,"test/mse":0.39097902178764343,"best/pearson_mean":0.7656325600250706,"epoch":99,"_step":123,"train/vq_loss":0.21770125958297787,"_runtime":508,"final/mae":0.29337868094444275,"test/pearson_mean":0.7656325600250706,"best/mae":0.2942606210708618,"_timestamp":1.75458803103852e+09,"test/pearson_max":0.9028098723374143,"final/pearson_mean":0.7663132141611734,"best/mse":0.39097902178764343,"model/num_parameters":212158,"_wandb":{"runtime":508},"train/recon_loss":0.4133725770074746}