{"test/good_neurons_pct":3.3333333333333335,"best/mse":0.9355173110961914,"test/good_neurons":1,"test/mse":0.9355173110961914,"best/mae":0.39912205934524536,"per_neuron_correlations":[0.4346879820981068,0.4193559734456751,0.1086199976606477,0.06609620514903972,0.23762878773995616,0.35268804517952257,0.15866587458118028,0.45060767854178657,0.49824402959830594,0.38334536522958373,0.254246118903351,0.2477219763592484,0.2675019468223333,0.3188789683816533,-0.012710290643309446,0.061895336636680856,0.143111659614788,0.26639481543763927,0.07604669941919945,0.18611631701852827,0.06588748867405513,0.5640059632402111,0.1559716694119383,0.05913953060408528,0.24899097851475938,0.3614277858152638,0.19810197771501942,0.1924480026292714,0.18084890699191342,0.4189676561117244],"_timestamp":1.754588685075501e+09,"_step":2,"best/epoch":0,"_wandb":{"runtime":11},"test/vq_loss":0.18421456679701806,"test/pearson_min":-0.012710290643309446,"best/pearson_mean":0.24549778156273863,"train/recon_loss":0.9615399391743643,"test/pearson_mean":0.24549778156273863,"train/perplexity":7.328243792057037,"_runtime":11,"model/num_parameters":212158,"test/mae":0.39912205934524536,"train/total_loss":1.0463222351310582,"train/vq_loss":0.08478229423053563,"test/perplexity":3.7327843594551084,"test/pearson_max":0.5640059632402111,"epoch":0}